{
  "cls_token": "[CLS]",
  "do_basic_tokenize": true,
  "do_lower_case": true,
  "mask_token": "[MASK]",
  "name_or_path": "/content/drive/MyDrive/output_from_faribas_notebook/train_mlm/output/sentence-transformers_bert-base-nli-mean-tokens-2022-07-12_08-45-38",
  "never_split": null,
  "pad_token": "[PAD]",
  "sep_token": "[SEP]",
  "special_tokens_map_file": "old_models/bert-base-nli-mean-tokens/0_BERT/special_tokens_map.json",
  "strip_accents": null,
  "tokenize_chinese_chars": true,
  "tokenizer_class": "BertTokenizer",
  "unk_token": "[UNK]"
}
